day,tmmx,tmmn,t2m_mean,d2m_mean,sp_mean,pr,srad,u10_mean,v10_mean
2018-01-01,245.96901,241.72995,243.61525,241.20396,94309.98,0.18518046,5.2407637,1.754522,-0.74459
2018-01-02,247.60992,245.82,246.4416,243.44765,93657.5,1.1710916,4.739381,0.9984999,-0.43219194
2018-01-03,249.36961,247.53554,248.59076,246.07365,93735.12,0.7783845,3.9735994,-0.7284718,-0.45968089
2018-01-04,252.26794,248.551,249.29193,246.82695,93798.27,0.31426176,4.859265,-1.3652753,0.16249345
2018-01-05,253.28532,252.08398,252.66737,250.40504,93374.28,1.5028193,5.3040304,-0.28019407,-2.11609
2018-01-06,260.56964,252.9911,257.9876,256.91003,92228.164,10.502383,3.2524161,-0.871193,-4.364426
2018-01-07,261.9139,260.51816,261.2678,260.1697,92215.77,2.6072226,4.889744,-0.67343897,-1.6941866
2018-01-08,261.8363,260.57397,261.0163,259.73865,92973.56,0.43851322,5.122172,-0.098384924,0.27531242
2018-01-09,263.98788,260.53696,261.9268,261.06955,93983.43,1.2752218,5.72681,-1.5152301,-0.9850404
2018-01-10,264.47675,261.47955,262.56375,261.57187,93512.62,2.0644293,5.042153,-2.8699596,-1.2226359
2018-01-11,262.3131,257.19263,260.1718,258.67087,93761.336,0.5915109,6.388479,-1.8469429,-0.50858194
2018-01-12,257.34595,250.07626,253.55309,251.53798,93945.04,0.06932393,8.273378,0.60266507,-0.32284594
2018-01-13,249.59976,241.73967,244.4624,241.7259,93792.32,0.09418093,9.07172,1.2862126,-0.5668657
2018-01-14,248.15172,243.8667,246.20125,243.6581,93058.44,1.4591105,8.127532,1.4717693,-0.14606185
2018-01-15,249.6197,247.84601,248.65608,246.03502,92753.94,0.9710565,8.276415,1.8823937,-0.072969556
2018-01-16,249.07574,238.80511,243.71846,240.80989,93297.23,0.07830188,9.187965,1.7254063,0.68649954
2018-01-17,240.70802,236.8624,238.68079,234.76434,94138.664,0.0009909272,13.252921,1.4439236,1.4117938
2018-01-18,247.81355,241.48016,246.36723,243.20123,94790.4,0.35933965,11.680516,0.59021235,0.15334779
2018-01-19,250.76431,243.69182,245.93456,243.99352,95401.29,0.11248328,10.732795,-0.040885676,1.9196968
2018-01-20,255.97974,250.58524,252.08131,250.2542,95793.77,0.10218471,11.554567,-0.3144875,2.3855135
2018-01-21,267.11295,257.22064,262.46835,261.39258,95663.46,0.25305337,10.003424,-2.5380929,1.0995548
2018-01-22,267.28296,261.39603,264.04495,262.50534,95382.13,0.46355557,12.429439,-1.8436188,2.129934
2018-01-23,264.53586,259.77847,261.85587,260.3784,95241.836,3.0248408,13.53468,0.21596639,0.7632505
2018-01-24,264.6435,247.99623,257.06082,254.48204,95612.664,0.3168378,13.491891,2.855521,1.3108686
2018-01-25,261.92343,249.65422,252.96661,249.77351,95979.93,0.5984232,15.067642,-1.2807804,1.4542743
2018-01-26,267.54132,262.0373,264.36765,262.65588,95792.4,0.19040518,12.445346,-3.503332,3.3997314
2018-01-27,268.82782,260.60892,265.52646,263.43192,95606.82,0.09947829,14.030865,-2.7269123,3.6150143
2018-01-28,269.17352,260.69125,267.16168,264.77304,95891.6,0.08885935,18.49682,-3.220356,3.4646356
2018-01-29,268.26367,257.98657,261.44235,258.4414,96331.28,0.0076759607,18.966452,-0.49053177,2.007844
2018-01-30,260.5468,253.9249,257.27145,253.19762,96472.94,0.0021606684,21.443743,1.066857,1.295332
2018-01-31,258.8728,251.21606,254.35333,250.53716,96933.16,0.0004898757,22.395668,0.2136038,1.9460849
2018-02-01,262.5306,254.53957,257.8723,247.21051,96974.76,0.0,28.697277,0.2579248,1.6535506
2018-02-02,262.80545,251.10739,257.3467,251.85475,96397.97,0.0,29.343767,-0.52763635,1.3223504
2018-02-03,254.1716,246.67924,251.31963,249.20274,95960.19,0.001905486,31.329689,-0.34285793,1.4964137
2018-02-04,255.1506,247.68863,252.25328,250.23357,95258.03,0.013411045,31.182362,-0.6547671,0.90938926
2018-02-05,259.36475,250.65378,254.4684,253.05998,95077.38,0.8406546,24.798784,-1.3993658,0.7464912
2018-02-06,261.2466,252.07745,257.1153,255.67088,94435.0,0.19415468,23.091803,0.013717721,-0.37130222
2018-02-07,258.19516,252.58968,255.30656,252.61736,93686.336,0.7561333,35.530426,-0.7852499,-0.9578469
2018-02-08,269.53668,258.8875,264.9169,263.65482,93105.87,8.131932,19.52894,-2.0264695,-0.9122176
2018-02-09,270.35217,268.04724,269.32315,267.9824,93225.69,7.053476,30.685371,-3.4199116,-0.8956329
2018-02-10,269.09592,262.763,266.31372,264.44302,93801.15,0.15189312,41.213524,-1.603407,1.8499748
2018-02-11,263.77448,256.80145,259.76752,257.84293,93951.37,0.03633648,39.606564,0.18901594,1.0505235
2018-02-12,267.0071,256.2242,260.64944,258.82208,93267.72,0.53731537,37.97345,-2.503731,1.0541563
2018-02-13,267.9914,263.83847,266.31082,264.8912,91825.625,7.3522534,34.525715,-5.569683,-1.4149112
2018-02-14,267.1013,261.32492,263.7672,261.65128,92042.22,0.29752588,44.338875,-1.9832264,2.0627887
2018-02-15,265.12735,259.27106,261.654,259.6929,93353.43,1.4710072,35.043144,-1.1618735,0.74954844
2018-02-16,266.2972,263.22537,264.56754,263.8055,92821.41,5.2703323,28.6189,-0.93853706,-2.307807
2018-02-17,268.4272,265.35635,267.07907,265.9114,93420.69,0.53553843,40.592766,-3.0373251,1.2660049
2018-02-18,268.31546,263.25745,265.77744,264.22885,93119.59,2.1555536,41.351288,0.4219594,0.5442847
2018-02-19,265.46896,261.00507,264.0331,262.51102,92223.43,8.222743,56.77121,-0.9006419,-3.3987925
2018-02-20,265.30347,258.9451,261.00397,258.97403,92463.22,3.822677,29.683836,2.7144945,-1.7928816
2018-02-21,261.28857,252.54723,256.5425,253.88765,94371.21,0.18282048,54.015507,1.3798836,0.23850292
2018-02-22,256.45062,248.59282,253.56102,249.9388,95267.4,0.00048615038,70.44678,2.5035517,1.2545006
2018-02-23,256.28384,250.34422,252.17719,248.80719,95508.34,0.001501292,69.38302,-1.385716,-0.7005257
2018-02-24,253.29105,247.62714,250.14494,247.27808,95445.48,0.0012218952,62.43299,1.3193434,-0.6904383
2018-02-25,253.86153,242.8078,247.24321,244.50555,95009.78,0.06494112,78.10137,-0.15122764,-0.89868075
2018-02-26,251.07344,243.50745,246.0285,242.94238,94458.414,0.0048168004,79.9852,2.2032769,0.4513681
2018-02-27,254.04852,246.93137,249.67769,245.81421,94781.84,0.036359765,80.51821,1.5051671,0.6723116
2018-02-28,264.16852,250.2917,256.13754,253.45522,94251.82,5.5710597,72.93007,-3.157161,-0.53569055
2018-03-01,269.64777,261.74664,266.82706,265.8494,92121.26,1.9451156,52.290924,-3.3346398,1.6975027
2018-03-02,268.03278,253.583,258.31058,254.78119,93498.695,2.1428335,58.166653,5.245957,1.3674608
2018-03-03,259.69644,251.06825,256.41092,252.80598,94404.305,2.2782235,85.83449,-1.0971907,-0.0040407577
2018-03-04,261.45496,259.7668,260.4459,258.9733,93821.93,2.313694,62.956802,-1.0257231,-0.80402654
2018-03-05,262.8148,255.94688,260.16232,258.33533,94113.96,1.1254437,63.500626,-0.87837386,-0.36028394
2018-03-06,262.69775,260.8547,261.6491,260.34476,93804.87,4.5243874,57.974777,-1.5679922,-2.0989869
2018-03-07,263.07904,258.12723,260.99313,259.7274,93108.66,3.6441386,76.383125,-1.5918616,-2.1618602
2018-03-08,259.18506,252.13672,254.95943,252.86604,93734.414,1.7712749,74.214554,3.6877882,-3.6990926
2018-03-09,253.417,244.04128,248.57921,244.98177,95504.52,0.017201528,111.77261,3.6526167,-1.3507019
2018-03-10,249.27344,245.01738,246.78041,243.07153,94692.695,1.5428178,106.93496,-2.0643811,-0.34813845
2018-03-11,249.04881,247.70079,248.32698,245.79924,93405.44,3.2569003,79.80287,-2.2862775,-1.1435033
2018-03-12,249.84686,244.26277,247.12495,244.6038,93563.914,1.9129515,89.32423,-0.7040332,-1.6786965
2018-03-13,247.87839,244.16275,245.91187,243.25523,93944.305,1.176945,98.27174,0.6592737,-1.422871
2018-03-14,247.84703,240.95209,244.0398,241.2884,94171.164,0.35090372,114.07346,1.0901257,-0.6889529
2018-03-15,246.47491,238.22473,242.532,238.79016,94696.77,0.0011064112,135.614,0.5734269,0.28422803
2018-03-16,248.68602,241.736,244.32477,240.38286,94967.63,0.49344635,124.57302,-1.9250956,0.21673799
2018-03-17,254.3791,249.15398,251.58014,249.26445,93843.125,2.4440436,94.36382,-4.43881,-1.848941
2018-03-18,253.85811,249.09875,251.36046,249.33205,93199.93,1.0785182,107.11757,-1.9093632,-2.051596
2018-03-19,253.94667,249.5482,251.75458,249.19232,94220.945,1.0096114,124.86412,0.014179085,-1.01008
2018-03-20,256.12863,243.66476,250.83032,247.59283,95157.98,0.7684017,127.93839,-1.608142,0.020022811
2018-03-21,265.55045,256.78662,262.95938,262.05203,93688.586,5.0752835,94.95315,-1.4267424,-0.37900078
2018-03-22,268.54288,260.55313,263.82602,262.45273,92287.66,12.331783,83.62343,1.605944,-1.1465534
2018-03-23,261.36115,256.36557,259.60565,257.68997,91113.44,9.955097,76.08607,5.339575,0.8375538
2018-03-24,258.6949,251.46681,254.2381,250.44936,92730.94,0.28234535,137.695,2.5162036,0.2656255
2018-03-25,254.14317,244.81018,249.41125,245.95221,93674.805,0.009616837,165.21283,2.4975169,-0.5025113
2018-03-26,254.08212,243.38988,247.71599,243.53297,93785.81,0.024095178,173.47102,2.0062072,-0.13982774
2018-03-27,253.75154,243.01865,247.67815,243.26701,94010.59,0.00051036477,176.3929,1.4313555,0.71308565
2018-03-28,258.1503,245.50723,251.23749,246.40477,94538.77,0.16991608,168.77095,0.8471691,2.1372683
2018-03-29,266.69086,253.8517,259.77158,257.2677,94528.12,3.424,127.28212,-1.8116373,1.6805501
2018-03-30,270.9229,262.23502,265.8103,263.44336,94414.336,0.115938485,151.27202,-1.0789262,2.3648195
2018-03-31,272.1864,264.36722,268.34387,266.12656,95681.21,1.727039,133.09998,-1.2876388,0.5882866
2018-04-01,272.74808,265.67383,268.5391,266.22052,96424.37,0.02242066,165.53848,-2.3588922,2.3724766
2018-04-02,271.2718,267.8454,270.24655,267.8257,96516.24,0.07240847,143.48206,-4.1143155,2.8444269
2018-04-03,271.43503,261.82724,266.78198,262.23807,96452.88,0.006914139,181.15213,-2.819359,1.3354812
2018-04-04,271.33685,260.98083,265.3192,262.51266,96249.586,0.048596412,181.27266,-2.05718,0.06402305
2018-04-05,266.19827,256.81482,260.63727,257.69412,95772.055,0.005574897,188.78606,-2.0908763,-0.17354782
2018-04-06,262.42474,251.7863,256.64444,254.14484,94772.51,0.08247234,189.15729,-0.97475034,-1.7779346
2018-04-07,259.34946,249.2658,255.0142,251.7447,94502.32,0.102356076,192.3044,-1.2939869,-0.14629777
2018-04-08,259.36142,250.44212,254.47227,251.36597,94211.914,0.2015531,208.14882,-1.0366192,0.68182683
2018-04-09,263.1132,259.7641,261.90915,260.39548,93304.03,3.0947475,143.10504,-3.1380377,-3.6295087
2018-04-10,265.23117,262.48404,263.31454,261.50095,93493.16,3.062833,137.06255,-1.9044247,-3.4911366
2018-04-11,266.65475,260.53476,263.49118,262.00485,94161.98,5.9980044,142.45152,-0.4417852,-3.4850655
2018-04-12,263.0665,259.11856,261.12875,258.91547,94739.73,0.38355774,185.03041,-1.3850039,-2.088436
2018-04-13,261.72748,256.57678,259.45734,256.30087,95155.66,0.22387318,204.37613,-3.7401407,-0.41543284
2018-04-14,262.63287,257.20865,259.8457,256.5797,94289.23,0.6198287,221.83167,-2.1957715,-2.6880875
2018-04-15,268.3597,262.24545,264.9847,263.80438,92996.91,4.345663,141.91891,-0.1626978,-3.2475119
2018-04-16,268.6161,266.02835,267.23477,265.8403,92170.59,7.2937384,126.988266,1.715497,-1.4740944
2018-04-17,270.34717,266.77927,268.34708,266.67322,92765.54,1.3476889,182.82762,-1.6900328,-0.39942285
2018-04-18,271.62814,267.552,269.355,267.73697,93613.38,1.2859758,176.58781,-1.7138296,-1.3966271
2018-04-19,271.1127,268.04953,269.70093,267.317,94048.73,1.7770305,178.34273,-1.6578757,-2.016311
2018-04-20,270.95612,264.96158,267.81717,265.9366,94575.73,0.09890646,217.0539,-2.202041,-0.47207972
2018-04-21,268.38052,259.87396,263.9355,261.40283,95002.56,0.008303672,246.4128,-2.0731173,0.07310124
2018-04-22,265.20642,257.17538,261.22043,257.70166,94970.69,0.0,268.62042,-1.9777468,-0.10215632
2018-04-23,266.16476,257.05075,261.6482,258.759,94195.68,0.0,270.8848,0.088668354,-2.5923975
2018-04-24,266.9919,256.4621,262.01578,259.44464,93371.25,0.0006556511,269.72446,1.223046,-1.9589354
2018-04-25,268.21692,259.78046,263.7709,260.2249,93297.21,0.002687797,275.2181,2.615331,-0.50129455
2018-04-26,270.29297,265.2514,267.76373,264.4505,93492.945,1.426654,216.7414,2.7040875,0.6243145
2018-04-27,271.3399,260.7996,265.91342,263.0315,93698.07,0.18672831,224.55339,-0.6727771,-1.0192059
2018-04-28,267.8686,260.54193,264.02872,261.2269,93688.44,0.07133745,215.78917,-2.8600693,1.4120708
2018-04-29,266.4705,262.3692,264.33408,262.4906,93404.88,0.43780917,207.99425,-2.857997,-0.48911396
2018-04-30,268.48462,260.2685,265.67175,262.93674,94038.836,0.10241754,216.14256,0.057404395,-0.90098137
2018-05-01,270.0571,262.3675,266.03647,262.20914,94504.79,0.040851533,262.4335,-0.2678447,-0.6688817
2018-05-02,267.94937,261.40997,264.7561,262.07712,94467.875,0.28253907,185.3972,-1.1634413,-0.35479438
2018-05-03,266.79248,258.99393,263.8073,260.20575,94377.26,0.08356199,220.65495,0.15690027,0.46574983
2018-05-04,268.10828,262.42593,265.7166,262.70102,94536.875,0.65647435,207.16995,1.6977535,-0.909388
2018-05-05,268.568,261.45822,265.29172,262.32312,94722.555,0.30822307,251.73093,1.3713193,-2.2624915
2018-05-06,267.18164,261.2063,263.84378,261.34592,94765.66,0.67673993,235.91028,-0.64537627,-2.9778159
2018-05-07,266.38177,258.73114,262.74414,260.16257,94761.98,0.2591163,226.23744,-1.2228497,-1.7667097
2018-05-08,265.22916,258.42935,262.00235,258.82803,94494.74,0.065781176,268.45984,-1.4277493,-0.4840536
2018-05-09,267.38184,261.94153,265.017,262.92123,94297.26,0.33978,248.01978,-0.7761436,-1.46208
2018-05-10,269.01068,263.4249,266.5103,264.2547,94297.69,0.2375003,239.57117,1.8941377,-2.3073456
2018-05-11,270.04666,261.77914,266.39938,263.10016,94459.56,0.13127178,273.54077,2.2832744,-2.3789208
2018-05-12,271.19736,258.43927,265.89648,261.14844,94647.03,0.0,324.14285,0.5666149,-0.34158316
2018-05-13,272.38928,259.51843,266.6791,262.11258,94938.6,0.0,316.736,0.7003905,0.17286313
2018-05-14,274.1399,270.9685,272.26358,268.24323,94820.44,0.7830672,247.33023,2.9513953,0.60467714
2018-05-15,275.62527,265.8985,271.29602,268.25418,95337.03,0.0,309.72134,1.9430133,0.4812688
2018-05-16,279.71616,268.3726,274.5262,269.3456,95189.65,0.0,318.13156,1.028081,1.0276638
2018-05-17,280.02643,270.21982,276.18283,269.3229,95218.78,4.4703484e-05,324.426,0.018378308,0.6975282
2018-05-18,279.8581,271.80435,276.5538,270.68552,95303.836,0.0,323.87448,-0.21816695,0.32760134
2018-05-19,278.1509,272.63235,275.01865,272.13077,95128.23,0.005984679,311.09207,0.11422092,-0.8125958
2018-05-20,277.654,271.39777,275.0314,271.49326,95042.336,0.0,324.7948,2.1592839,0.16919988
2018-05-21,278.38702,268.96854,274.40274,270.2045,94595.52,0.0,327.29404,0.9380501,1.0015626
2018-05-22,278.47552,270.6227,273.54898,271.11893,93985.19,0.31908974,251.75345,-2.9578116,-0.20846848
2018-05-23,272.8724,267.4654,270.66086,268.24338,94055.836,0.26693195,208.83617,-2.4727013,-1.8050381
2018-05-24,275.23068,268.34442,271.78995,268.00943,94489.875,0.0010207295,291.93848,-1.4556807,0.34780204
2018-05-25,277.91586,270.3451,274.63498,270.08688,94905.21,0.19194278,291.75363,0.10509691,0.95292044
2018-05-26,278.16388,271.86603,275.20724,271.81625,94814.305,0.119058415,245.76035,0.2579114,1.002106
2018-05-27,276.76172,270.93793,274.20853,271.85742,94475.87,0.3580544,212.4652,-0.7047536,1.4221292
2018-05-28,275.15976,269.87488,272.96204,270.84064,93967.5,0.35439247,238.55945,-3.583719,1.895524
2018-05-29,274.56793,271.10184,272.64816,270.79706,93507.87,1.3191216,192.82684,-3.473234,-0.31421134
2018-05-30,275.35004,271.534,272.99838,271.19177,93974.69,0.306176,211.91852,-1.94426,-0.30036792
2018-05-31,276.86975,268.59283,272.9243,270.73853,94114.125,0.04866626,273.2305,-2.58133,2.04107
2018-06-01,277.12183,272.2273,273.77524,271.88696,93701.32,6.1040335,162.63318,-1.5419024,1.8196267
2018-06-02,276.92004,272.54105,274.53033,273.19315,92813.99,12.214135,204.58415,-4.0591335,-1.0949976
2018-06-03,274.22772,272.18057,273.0809,272.38614,92568.18,10.686824,174.19102,-4.2165523,-3.4840949
2018-06-04,275.24164,272.7224,273.68338,272.79633,93715.06,3.9851367,221.14041,-5.111574,-1.6289716
2018-06-05,276.45892,270.98492,273.82474,272.16492,95239.03,0.3434047,266.0672,-2.4119105,0.174958
2018-06-06,278.87582,271.5513,275.1096,272.67535,95713.78,0.060303137,258.3255,0.56894445,0.25166765
2018-06-07,280.50592,271.23584,276.34543,272.77988,95211.586,0.08533336,288.6001,0.9487875,0.12380401
2018-06-08,278.96942,271.8413,275.4961,273.21097,94877.31,1.9964334,226.78404,-0.86876255,1.1803288
2018-06-09,281.5427,271.3795,276.03458,273.58438,95601.27,0.7426422,267.255,-1.6429558,1.386171
2018-06-10,284.48834,270.65475,278.37894,273.49023,96153.62,0.0,291.94135,-1.4542584,1.3236938
2018-06-11,287.18298,274.55746,281.63644,274.0594,96321.96,0.0,334.18942,-1.2479564,1.4398006
2018-06-12,289.98114,274.7677,283.97696,272.9508,96110.805,0.0,345.76523,-0.6281201,1.4720678
2018-06-13,292.95334,277.96988,287.26526,275.93933,95804.31,0.0,343.96017,0.009929557,0.6188422
2018-06-14,295.03568,280.40082,289.3174,279.60568,95400.695,-4.4703484e-05,339.04642,0.40310702,-0.5635688
2018-06-15,295.09552,281.94217,289.39246,280.72073,94937.914,0.31095928,301.1146,0.72065735,-0.4415841
2018-06-16,293.34024,282.61276,288.4458,281.53397,94702.56,0.47604555,285.03726,-0.15215075,-0.11456444
2018-06-17,289.8693,280.48578,285.76813,279.49893,94666.555,1.7973427,284.5643,3.044262,0.14959875
2018-06-18,288.87823,279.6349,284.39658,277.87576,94501.945,0.0,351.67398,3.3094347,-0.010335843
2018-06-19,289.70966,280.2985,285.214,278.44675,94653.12,0.348337,312.08167,1.0699164,-0.8705451
2018-06-20,288.39008,278.9693,283.44028,280.55545,94985.125,11.505315,191.46214,0.28897998,-0.29302076
2018-06-21,287.00894,277.546,283.0527,280.59293,95069.055,5.2190366,223.26666,-0.45475194,0.106743276
2018-06-22,289.64136,277.54883,285.0364,278.52255,94917.914,0.20905957,320.1051,-0.71318525,0.058645193
2018-06-23,292.0735,280.2521,287.65866,278.9457,94580.664,0.0564605,288.88464,-0.58135366,-0.24525721
2018-06-24,290.56085,279.39447,284.28665,280.47037,94263.04,4.27608,251.77486,-2.446383,-0.10009298
2018-06-25,284.0445,277.38095,280.77283,277.4518,94137.164,0.9870976,250.9229,-2.522658,1.2295165
2018-06-26,285.9527,280.9958,282.88486,279.54855,94010.35,5.593473,117.82855,2.353453,2.3953443
2018-06-27,284.3071,279.23584,281.64124,279.92258,94045.52,5.8501625,90.05959,1.8980738,0.1957589
2018-06-28,287.11743,279.19464,282.81436,278.74762,94139.59,10.568853,120.73275,1.2607697,-0.78434116
2018-06-29,284.40924,280.2915,282.39474,280.38153,94223.85,4.678618,90.365234,2.0084794,0.16999356
2018-06-30,286.0778,279.96692,282.9644,279.25696,94467.09,4.4556055,136.08614,2.120808,0.6970687
2018-07-01,287.6668,277.84555,283.1179,277.73935,94756.25,0.546312,209.99889,1.2358224,-0.20366144
2018-07-02,288.60516,279.87802,284.96353,277.98434,95250.16,0.22409856,241.70335,1.5687885,1.7309769
2018-07-03,291.50293,281.24625,287.0494,279.61896,95845.59,0.12714788,236.75166,0.3960704,0.70371574
2018-07-04,292.39203,280.27246,286.93625,280.40695,95803.16,-4.4703484e-05,311.83163,-1.738872,0.74667025
2018-07-05,292.92883,280.0954,287.07147,281.07062,95591.6,0.0,304.99216,-2.6098778,0.8489892
2018-07-06,289.85202,277.63928,284.50095,280.28574,95185.16,0.00805594,295.94455,-2.4320385,1.9436806
2018-07-07,291.06998,278.6533,285.2598,280.2503,94548.805,0.00047311187,236.4434,-0.2851095,0.33305588
2018-07-08,291.5699,280.40854,286.1842,281.276,94472.625,0.719429,171.6408,1.472366,-3.408228
2018-07-09,285.4644,273.9387,279.50354,276.29245,94736.32,1.6767402,137.78741,1.0145576,-1.6187782
2018-07-10,287.866,282.09058,284.29727,279.10068,94368.375,3.5113506,230.91624,1.3079499,-1.2782607
2018-07-11,282.18097,278.11734,279.79092,277.97562,94245.73,5.361867,110.0528,-1.6691285,-4.8514314
2018-07-12,283.84766,274.02417,279.6235,275.8583,94836.16,0.9387862,195.2636,-2.4743283,-0.87018615
2018-07-13,288.29843,276.31027,281.9838,277.3269,94829.57,0.001899898,241.34474,-0.503105,1.6381998
2018-07-14,290.04807,282.86365,286.16727,280.44302,94772.07,0.03420096,243.49623,3.4378643,0.9480441
2018-07-15,289.39337,282.30344,285.4393,282.26855,94966.19,0.9832196,163.9471,4.149616,0.07261632
2018-07-16,291.0036,285.03098,287.88837,283.51572,94798.77,0.18449873,151.18098,1.7403923,1.0859352
2018-07-17,291.2875,285.22653,288.1489,284.2095,94336.37,0.2768971,124.03466,2.4891682,1.5124949
2018-07-18,290.4481,282.1483,285.25244,282.96997,94459.54,0.70790386,124.54261,2.8796904,1.2554449
2018-07-19,291.72845,283.56894,288.48294,284.80072,94649.88,0.28599983,156.75452,1.0583538,0.9870258
2018-07-20,290.36798,279.4644,284.37534,283.23062,94647.93,5.8808737,123.24274,-3.602731,0.7546182
2018-07-21,283.00943,280.26636,281.5655,280.14383,94585.625,0.041922554,86.340576,-3.7054737,0.8126438
2018-07-22,287.0113,281.4024,283.1055,281.11398,94799.29,0.19173883,92.7922,-0.7411716,-0.0445956
2018-07-23,290.98373,284.53195,287.33875,282.92795,95252.77,0.13566017,157.01617,0.14891936,1.2757988
2018-07-24,291.68405,281.70782,287.0118,282.0707,95316.16,0.0,217.6356,2.7067144,0.9645872
2018-07-25,293.0347,283.8916,289.20422,283.68137,95240.43,0.35541132,232.91658,0.57253534,0.6704169
2018-07-26,292.64612,285.8593,288.3862,286.947,94135.53,10.803368,70.98493,-0.88521487,1.2591597
2018-07-27,286.76938,283.14105,284.56577,283.31488,93891.78,2.4967642,41.557014,-0.030381178,-0.3745153
2018-07-28,288.41373,283.28128,285.66302,283.66727,94403.51,0.8601006,117.15275,-1.699489,0.32625636
2018-07-29,290.42368,284.87775,287.31033,284.67435,94659.375,0.36667103,110.61681,-0.18884633,1.3948184
2018-07-30,289.82687,285.33835,287.5085,284.93887,94367.625,0.20602904,98.76775,-1.3757639,1.6040196
2018-07-31,290.62848,283.04752,286.06393,282.2469,94116.16,0.774242,166.275,-2.7437305,1.9074106
2018-08-01,286.00616,279.35635,282.83276,279.733,94093.27,0.24562888,94.078896,-2.308839,0.8885219
2018-08-02,288.1994,282.11197,284.48306,281.92215,94361.09,0.41251814,91.967125,-0.5577453,-0.91151404
2018-08-03,290.5746,282.86874,285.94226,283.69135,94388.75,3.3631847,129.40965,-2.7498655,0.81719154
2018-08-04,285.62708,278.50894,280.94452,279.97058,94136.69,9.658337,63.75462,-5.490439,-1.3228639
2018-08-05,280.42502,278.3285,279.43784,278.95502,93932.695,12.154596,31.552715,-2.937256,-2.5639808
2018-08-06,284.2113,277.77432,280.03668,278.93753,94689.9,1.5695114,73.062256,-0.30371556,-1.8199207
2018-08-07,287.86444,281.12903,284.2546,279.5354,95230.66,0.070590526,150.53061,2.5093153,0.22845374
2018-08-08,288.6733,281.29498,284.27695,282.11264,95220.48,2.7713869,160.18298,3.361873,-0.16114499
2018-08-09,286.47638,276.3004,281.1008,278.09012,95085.125,2.1654534,146.86063,-2.3775752,-1.7446375
2018-08-10,282.2688,275.01428,278.70657,273.40103,95063.9,0.026348978,122.228516,-2.0916102,0.1365474
2018-08-11,282.6688,272.3158,278.42197,273.81964,94941.59,0.08715689,133.34042,0.0055598863,-0.84436244
2018-08-12,281.96387,275.10715,278.5045,276.53952,94761.75,3.2599401,95.450966,1.2349844,-1.6991644
2018-08-13,282.94342,276.0227,278.82498,278.03073,95182.945,5.0441494,142.61284,1.4389037,-2.5940325
2018-08-14,286.59464,272.94653,280.24396,276.7869,95967.0,0.055309385,173.80356,1.3000423,-0.9853718
2018-08-15,289.36316,275.41174,283.19525,277.19955,95788.586,4.4703484e-05,254.44902,1.4993163,0.2666308
2018-08-16,290.24176,278.40973,284.71915,277.8932,95150.31,0.0,252.69263,3.0806944,0.7896912
2018-08-17,289.57294,279.1401,284.17105,277.7549,94939.914,0.0,250.74138,4.723228,1.4752165
2018-08-18,289.30206,279.19296,284.21268,278.40536,95064.77,0.0,243.71826,3.947345,1.6290191
2018-08-19,289.07858,277.73492,282.7076,277.82748,94278.82,0.029943883,204.19041,0.37907365,0.66958976
2018-08-20,282.16013,278.32187,280.0046,279.40372,93196.76,11.346561,43.652325,-4.4630837,0.6419681
2018-08-21,282.28723,280.5671,281.35403,280.543,93913.35,3.754057,45.55582,-3.5069864,-1.1126982
2018-08-22,283.87656,278.56232,280.7666,279.04514,94556.43,1.4738665,80.32175,-3.2242973,-2.2023253
2018-08-23,284.6837,278.7552,281.81067,279.35495,94615.62,1.1980515,102.79938,-0.38517675,-1.9862442
2018-08-24,285.3426,277.23987,281.84164,280.2387,94522.23,3.7909951,109.23461,1.2124177,-0.6689653
2018-08-25,285.85507,277.72583,281.229,279.30054,94326.65,5.8575644,132.74792,0.36041966,-2.3563817
2018-08-26,279.52795,272.73917,276.15665,274.13516,94335.93,3.176311,86.91196,0.30881682,-3.3094995
2018-08-27,278.35297,272.54324,275.69998,272.71652,94654.69,0.86993164,123.92187,1.0207121,-1.1179218
2018-08-28,280.97223,271.4696,276.30124,273.23505,95095.41,0.021776184,149.48375,-1.5004402,-1.1936204
2018-08-29,282.36658,274.51068,278.49393,276.46582,94994.73,0.23237988,90.13605,-2.5300422,-2.4915752
2018-08-30,283.85358,274.57175,278.67126,275.16754,95041.91,0.06005168,114.99836,0.45326316,-2.3558195
2018-08-31,286.9096,277.4127,281.83505,276.57715,95450.25,4.4703484e-05,199.91595,2.8035173,0.65326375
2018-09-01,287.97662,277.0656,282.11935,275.6074,95351.6,0.0,181.30634,4.1967397,1.6216053
2018-09-02,287.87958,276.62994,282.06174,275.9772,95310.68,0.0,157.70468,3.2221804,2.0088294
2018-09-03,285.43854,278.19632,281.52698,276.42657,95343.49,0.086897984,116.7663,2.2577102,2.4998052
2018-09-04,285.17633,279.39276,281.57486,277.94806,95667.16,0.5160067,79.680275,1.3471214,1.9952823
2018-09-05,285.73962,278.96677,282.55365,279.18094,95763.414,0.010842457,68.026245,1.7268924,0.7264535
2018-09-06,286.45364,276.318,281.93976,278.03537,95876.44,-4.4703484e-05,112.27369,0.46745363,1.1723686
2018-09-07,290.23294,280.33328,284.3909,281.15677,95752.82,0.037023798,157.21071,-0.9978471,1.1314508
2018-09-08,292.84195,284.67007,288.6065,286.14386,95787.59,0.43147618,110.03521,0.0068965405,-0.17967236
2018-09-09,293.6303,280.89087,287.94226,283.2551,95819.99,-4.4703484e-05,158.98524,0.7379806,0.5940166
2018-09-10,294.21558,284.7079,288.43927,285.4034,95100.28,21.865082,96.45862,0.16418089,0.8004251
2018-09-11,284.94012,277.97192,281.6327,278.8676,94851.38,3.4806058,83.91058,2.32926,0.7051123
2018-09-12,283.54755,278.38342,280.7816,277.98868,95371.305,2.9431973,84.84155,-0.95178133,0.13059823
2018-09-13,282.42752,278.0004,279.61255,278.32486,94890.23,8.804487,25.693228,-2.5921366,-0.34953904
2018-09-14,281.06418,275.575,279.93832,279.6105,93451.48,8.705954,13.389782,-0.593028,0.13330789
2018-09-15,281.01093,271.5448,275.1707,272.4368,93697.805,4.426768,71.50799,1.8704114,1.8492304
2018-09-16,282.48,274.56592,277.9863,274.60507,94061.34,4.7586,88.919365,1.3746806,1.5242887
2018-09-17,281.1906,273.047,276.26465,273.13486,94795.336,0.4260596,106.45754,3.577551,1.1371577
2018-09-18,282.2378,275.16974,278.78024,276.23044,95074.49,1.0911487,60.361835,-0.0008942634,1.3173485
2018-09-19,283.11523,277.84433,280.12045,278.52936,94599.195,2.1048076,69.262405,-2.7327154,2.742466
2018-09-20,284.0003,275.01886,280.08945,276.9448,94842.03,0.1742728,85.51009,0.43505678,1.5691997
2018-09-21,283.67096,276.04843,279.65594,276.7174,94458.195,0.43027103,94.27547,-0.36648998,-0.1848612
2018-09-22,281.20575,274.11017,277.26193,275.584,94338.66,0.47963297,67.02988,0.6253249,-1.3315704
2018-09-23,281.12265,271.7722,276.3834,274.36282,94507.88,0.75075215,81.259476,0.6574982,-0.17746575
2018-09-24,280.7475,272.86047,276.6318,273.3035,94570.78,0.7493105,76.05421,1.1052842,1.279463
2018-09-25,279.63248,274.76657,276.46817,274.72443,94560.02,2.7771666,78.76254,0.6671372,1.3357271
2018-09-26,279.15756,275.35046,276.9933,276.03583,94077.19,7.127831,30.794659,-5.263261,1.3670372
2018-09-27,278.97836,275.63577,277.37738,277.1042,94205.38,6.9521384,25.762291,-5.5389953,2.5139863
2018-09-28,278.4631,273.70413,276.0861,274.78342,94755.63,2.5400558,40.19794,-2.348844,-0.1683938
2018-09-29,276.17734,273.00003,274.21378,273.77026,93458.24,13.201966,31.69683,0.16708939,-3.4290202
2018-09-30,279.0449,275.2356,276.7059,276.01785,92985.62,2.8959997,30.210295,-2.8389494,1.433005
2018-10-01,280.06393,273.84464,276.7066,275.0386,93392.1,0.58469546,71.31387,-2.2773468,1.8978335
2018-10-02,280.48016,274.75607,276.6788,274.1741,92694.336,0.11813827,46.992836,-3.439419,0.4404286
2018-10-03,278.2209,275.29468,277.09067,276.01163,92438.836,8.864311,29.754139,-1.6049167,-5.00444
2018-10-04,278.27118,276.6799,277.5828,277.21042,92748.25,10.004708,12.977824,-1.3989805,-5.3946934
2018-10-05,277.61612,275.10464,276.4938,275.94675,93022.13,10.099731,21.353552,-0.8343379,-6.273371
2018-10-06,278.07944,276.15128,277.0126,276.3077,93800.41,5.180055,21.134037,-3.4727995,-4.329394
2018-10-07,277.86285,274.2477,275.80835,275.254,94273.74,5.6408997,24.261646,-0.95611197,-4.3814235
2018-10-08,275.77725,273.77036,274.62216,274.05002,94534.28,5.363615,18.585619,-1.7416147,-3.7351835
2018-10-09,275.68674,273.71146,274.6453,274.03278,94265.74,20.92014,16.575325,-2.3050985,-6.0464535
2018-10-10,275.05685,273.2776,274.24936,273.9999,93908.586,9.642662,30.62375,-2.5768292,-4.5621686
2018-10-11,274.3912,270.78278,272.2518,271.48642,94153.82,2.1547284,38.84564,0.066132426,-3.2136374
2018-10-12,273.21014,269.13306,270.7122,269.32297,94327.21,0.09293109,35.437073,0.3666716,-1.8170003
2018-10-13,272.03577,269.24463,270.15958,268.0792,94145.35,1.3947263,32.47872,-0.5787107,-2.7124922
2018-10-14,270.74234,269.01834,269.97806,267.5071,94558.305,1.8397794,32.34994,1.0285169,-4.126044
2018-10-15,270.83612,269.08124,270.09872,268.11246,95059.66,2.2348816,24.346727,0.2684245,-4.2643914
2018-10-16,270.08026,266.40094,268.32132,265.41086,95223.66,0.2594851,43.76264,0.53176576,-3.7664235
2018-10-17,268.70355,261.13785,265.28644,261.32376,95218.945,0.0,60.418694,0.10264126,-0.40213525
2018-10-18,272.26447,261.42966,265.75848,261.93332,95119.586,0.0,66.663,0.112647705,0.980508
2018-10-19,270.88803,261.34842,265.0292,261.6228,94558.84,-4.4703484e-05,64.477646,-1.5168136,0.6275929
2018-10-20,268.07608,262.85184,265.0709,261.62552,94489.914,4.4703484e-05,61.334007,0.084441386,-0.4496353
2018-10-21,266.7029,261.77814,263.62216,261.0888,94791.586,0.0,59.26484,-0.3486477,-0.9104368
2018-10-22,267.06384,259.625,263.2913,260.6276,94626.914,0.0018225983,56.97151,-0.32473716,-0.11699594
2018-10-23,266.74045,261.951,263.89914,261.4777,94385.32,0.24357066,44.653957,1.3510267,-0.70514077
2018-10-24,265.15082,258.76675,261.334,257.7399,94661.13,0.59804505,34.039566,4.2105603,-2.7781231
2018-10-25,263.3994,256.66656,259.2519,255.12138,95454.22,0.029724091,47.79462,2.126516,0.16244985
2018-10-26,266.223,260.9239,263.25876,261.8922,95549.21,0.84391606,35.048832,-0.31552407,0.10204903
2018-10-27,273.34268,265.35153,270.16788,268.197,95255.1,4.028689,20.492182,0.46756077,1.4601111
2018-10-28,273.219,266.97424,269.90707,267.97607,94907.53,1.6188956,23.186205,2.5518453,-0.106684364
2018-10-29,271.3556,267.80377,268.74088,266.79874,94016.25,1.2067016,22.644281,-0.06738307,0.034643948
2018-10-30,269.93692,259.77908,264.6839,263.2952,93364.69,7.9936514,20.431227,-0.48030683,-1.1884542
2018-10-31,262.47025,257.23492,259.39215,257.675,93492.23,1.7782897,26.700045,0.6992118,-0.7203908
2018-11-01,263.2495,255.73483,258.53232,257.03397,93824.41,0.58211386,27.430305,0.6985362,-1.1034943
2018-11-02,263.06262,258.83478,260.79758,259.23468,93811.78,2.4873874,24.320787,-1.0586864,-0.4278883
2018-11-03,264.1348,259.71475,262.0995,260.7506,93709.305,0.36645308,30.890722,-0.63226986,0.9417581
2018-11-04,268.46805,260.56564,264.1718,263.25906,93423.97,2.0069108,26.712597,-1.9818457,0.7607756
2018-11-05,269.83786,266.1536,268.2684,267.33307,92530.96,17.404732,18.151154,-1.9584976,-4.596227
2018-11-06,266.09586,254.25694,261.34564,259.2324,93963.875,1.6922429,20.653246,2.9402351,-1.3680096
2018-11-07,256.8814,251.0035,254.19702,251.6098,94595.81,0.016123056,29.337952,0.8920744,1.8606013
2018-11-08,262.38507,257.2615,260.57367,258.97818,93785.29,7.019162,17.932451,-0.79898745,-2.3268518
2018-11-09,266.03964,260.9805,263.58142,262.24844,93900.68,10.245735,13.818473,2.1812227,-4.453962
2018-11-10,263.55347,252.14548,258.54846,256.10175,95940.66,0.33066607,18.186398,2.51323,-2.4124925
2018-11-11,256.02768,247.7593,253.09987,251.60033,96859.164,0.029331073,24.73639,1.0219105,0.057224277
2018-11-12,249.09398,241.84279,244.36168,241.72261,96822.41,0.020669773,24.046965,1.0963037,1.3014318
2018-11-13,249.76524,244.37413,247.18811,244.12083,96378.74,0.0005289912,23.937883,1.0099056,1.4838041
2018-11-14,250.86008,243.66959,247.02864,242.50061,96078.32,-4.4703484e-05,24.090046,0.8567589,1.87844
2018-11-15,252.68178,248.62471,250.5767,242.09502,95599.91,0.0,23.33222,1.2921638,1.1352537
2018-11-16,253.415,248.94238,251.18254,247.6217,94830.5,0.27761793,20.41787,0.71120095,0.3470631
2018-11-17,252.50713,245.6295,249.901,248.54158,94469.35,0.050881878,15.933777,1.4170529,0.4037532
2018-11-18,254.32642,247.04395,251.19551,248.78114,94498.31,0.28219074,15.383581,0.60231537,-0.22739291
2018-11-19,255.58037,253.47163,254.80939,252.88445,94468.84,0.5656127,9.957695,0.074204996,-0.5371949
2018-11-20,255.51146,248.32314,252.55031,250.39429,94634.1,0.39272848,11.973087,0.74802184,0.10328368
2018-11-21,250.1695,243.68753,246.58769,244.55605,94972.195,0.00046845526,14.782105,1.9934839,1.0986959
2018-11-22,250.97296,241.99014,245.58974,243.23424,95141.02,0.029707327,14.797886,1.200868,0.4169396
2018-11-23,247.13431,241.79648,243.80798,241.26477,94987.35,0.052625313,12.007959,0.8421066,0.38625264
2018-11-24,251.75151,246.49835,249.63432,247.34557,94817.48,0.46486408,11.662088,0.89065295,-0.14826456
2018-11-25,249.64992,245.66046,247.34837,244.81676,94702.15,0.06902218,9.037411,1.3981632,0.3212237
2018-11-26,247.92953,242.99652,245.36322,242.55078,94595.93,0.054817647,10.276809,1.5146149,0.20757033
2018-11-27,243.84245,239.77785,241.09383,238.3363,94494.4,0.024491921,10.249696,1.8284736,0.22393417
2018-11-28,242.51215,236.30429,239.2915,237.30048,94252.68,0.0038221478,11.146172,1.7184544,0.4822533
2018-11-29,247.19849,240.56668,243.20197,241.23767,93141.72,0.23588724,10.219744,0.64229196,0.07893693
2018-11-30,254.11418,247.55116,249.68706,247.45941,92236.414,0.9096768,6.8468256,1.3419338,-0.19433327
2018-12-01,255.8785,252.68219,254.18062,252.27295,92384.62,0.6706435,5.5186744,1.6991199,0.23554893
2018-12-02,257.38065,252.58183,255.84975,253.98871,93522.76,0.85795486,5.35206,1.2156135,-0.23991244
2018-12-03,252.66856,245.1806,249.34819,247.43988,95087.19,0.038906932,6.576389,0.57399875,-0.3622861
2018-12-04,247.13513,243.4402,245.35283,242.782,95996.164,4.4703484e-05,6.6213136,0.7016657,-0.12366568
2018-12-05,243.82262,242.13568,242.7903,239.7683,95680.87,0.0012591481,7.9172654,0.4096906,0.3676956
2018-12-06,243.37138,242.296,242.7741,240.3412,95335.19,0.013411045,7.3554516,0.9215469,0.1499822
2018-12-07,243.51762,234.93707,239.45149,236.97847,95232.625,0.0393074,6.8564234,1.5913353,-0.08298535
2018-12-08,245.49722,234.83752,239.57253,237.28261,94298.31,0.33282116,6.0775695,1.3296249,0.21697938
2018-12-09,245.64633,240.34546,244.22075,242.09435,93845.65,0.17497689,5.9099374,1.1623982,-0.39343795
2018-12-10,243.25838,237.36569,240.65468,238.58911,93860.26,0.07628277,6.078157,1.8291887,-0.08287836
2018-12-11,242.28738,237.43973,239.23053,236.40028,93888.21,0.08940883,5.681052,2.179477,0.5697951
2018-12-12,245.66928,239.42952,243.53362,241.00392,94051.664,0.17552637,3.7198756,2.2726424,-0.11982766
2018-12-13,242.15648,239.17818,240.38603,237.3372,94163.63,0.0067744404,5.6763773,0.7254703,1.0753965
2018-12-14,241.02321,237.50806,239.53792,236.31987,94062.71,0.015761703,5.520532,0.5034862,1.5088711
2018-12-15,242.77226,238.43576,240.81563,237.07843,94179.375,-4.4703484e-05,5.4422584,0.97146916,1.356213
2018-12-16,244.26184,239.38208,241.46736,237.5379,94067.87,-4.4703484e-05,5.0145574,1.3875242,1.6278491
2018-12-17,251.39624,243.53879,247.84515,244.79646,94051.445,0.050006434,5.055137,3.1762466,1.0068544
2018-12-18,247.85962,243.1097,245.15184,242.32935,94270.77,0.10032393,3.9030542,0.47540388,1.2119255
2018-12-19,244.17375,239.547,241.56526,238.58086,94033.34,0.10049343,3.8546817,-2.0498862,0.98505586
2018-12-20,244.53427,241.25308,243.1753,240.37651,94355.4,0.09041838,4.4569387,-1.5464958,1.2434266
2018-12-21,243.5237,240.40929,241.67354,238.58955,94826.16,0.028594397,4.2498,-0.16478218,1.444059
2018-12-22,244.39558,239.19237,242.25935,240.23726,94996.46,0.29827094,4.741739,0.5032479,0.349749
2018-12-23,245.82841,239.40038,242.45009,239.62425,95048.06,0.32932496,4.257057,-1.4200512,0.97212815
2018-12-24,244.79604,241.5196,243.0531,240.6769,95052.99,0.017143786,3.654016,-0.499989,1.7314798
2018-12-25,253.22522,242.67735,247.94588,246.14653,95074.31,0.0021904707,4.833924,1.332992,1.1802832
2018-12-26,254.20357,246.50595,251.38692,249.3809,95093.31,1.0704566,4.1207957,0.71235985,-0.64775676
2018-12-27,248.79684,240.90155,245.32603,243.80542,95480.6,0.0007431954,5.177228,1.0649878,-0.089152955
2018-12-28,245.19257,240.3952,243.4997,241.10205,95713.945,0.0057555735,5.2852926,0.73937255,0.8812554
2018-12-29,244.35835,237.11935,240.54292,238.4066,95436.54,0.026520342,5.1791553,0.7039682,-1.1747795
2018-12-30,243.20683,235.18866,238.86192,236.50941,94198.81,0.051695853,5.3286633,1.7916974,-0.7727893
2018-12-31,239.07329,234.35995,236.31337,233.76076,93030.81,0.11862069,5.280638,2.3931048,0.10912657
